curator	date	ev_json	id	pa_hash	pa_json	source	source_hash	tag	text	english	agent_json_list	synonyms_list	agent_info
bachmanjohn@gmail.com	Wed, 18 Dec 2019 20:55:30 GMT		805	12330142414249687		bioexp_paper_reach	3307179453394126088	no_relation	The heat-shock protein (HSP) -90 inhibitor 17-AAG prevents ROS induced TDP-43 aggregation, alters the type of TDP-43 multimers and reduces the severity of pathological TDP-43 inclusions.	TARDBP inhibits TARDBP.	[{'name': 'TARDBP', 'db_refs': {'UP': 'Q13148', 'HGNC': '11571', 'TEXT': 'TDP-43'}}, {'name': 'TARDBP', 'db_refs': {'UP': 'Q13148', 'HGNC': '11571', 'TEXT': 'TDP-43'}}]		{'HGNC:11571': {'name': 'TARDBP', 'synonyms': ['ALS10', 'TAR DNA binding protein', 'TAR DNA-binding protein 43', 'TARDBP', 'TDP-43', 'TDP43'], 'definition': None, 'syn_in_text': 'TDP-43', 'syn_in_stmt': 'TARDBP'}}
bachmanjohn@gmail.com	Thu, 10 Dec 2020 17:14:05 GMT		10100	-31734835008003753		bioexp_biogrid	8825426867934301417	no_relation	C4b binding protein (C4BP) beta-chain Short Consensus Repeat-2 specifically contributes to the interaction of C4BP with protein S. C4b binding protein (C4BP) regulates the complement system and the anticoagulant activity of protein S. Protein S can bind to C4BP, resulting in a decreased cofactor activity of protein S for anticoagulant activated protein C. C4BP contains several identical a-chains and a single 3-chain.	C4B binds C4BPA.	[{'name': 'C4B', 'db_refs': {'UP': 'P0C0L5', 'HGNC': '1324', 'TEXT': 'C4b'}}, {'name': 'C4BPA', 'db_refs': {'UP': 'P04003', 'HGNC': '1325', 'TEXT': 'C4BP'}}]		{'HGNC:1324': {'name': 'C4B', 'synonyms': ['C4B', 'C4B1', 'C4B3', 'C4F', 'CH', 'CO4', 'CPAMD3', 'complement C4B (Chido blood group)', 'C4b'], 'definition': None, 'syn_in_text': 'C4B', 'syn_in_stmt': 'C4B'}, 'HGNC:1325': {'name': 'C4BPA', 'synonyms': ['C4BP', 'C4BPA', 'C4b-binding protein alpha chain', 'C4bp', 'PRP', 'Proline-rich protein', 'complement component 4 binding protein alpha'], 'definition': None, 'syn_in_text': 'C4BP', 'syn_in_stmt': 'C4BPA'}}
ben.gyori@gmail.com	Mon, 06 Jan 2020 06:22:08 GMT		1045	-19234356901322890		bioexp_paper_reach	7005140622090678576	act_vs_amt	For example, TLR4 signaling in hepatic stellate cells enhanced TGF-beta secretion and hepatic fibrosis XREF_BIBR.	TLR4 activates TGFB.	[{'name': 'TLR4', 'db_refs': {'UP': 'O00206', 'HGNC': '11850', 'TEXT': 'TLR4'}}, {'name': 'TGFB', 'db_refs': {'FPLX': 'TGFB', 'TEXT': 'TGF-beta'}}]		{'HGNC:11850': {'name': 'TLR4', 'synonyms': ['ARMD10', 'CD antigen CD284', 'CD284', 'Receptor, TLR4', 'TLR-4', 'TLR4', 'TLR4 Receptor', 'Toll 4 Receptor', 'Toll Like Receptor 4', 'Toll-4 Receptor', 'Toll-Like Receptor 4', 'Toll-like receptor 4', 'hToll', 'toll like receptor 4'], 'definition': None, 'syn_in_text': 'TLR4', 'syn_in_stmt': 'TLR4'}, 'FPLX:TGFB': {'name': 'TGFB', 'synonyms': ['Bone Derived Transforming Growth Factor', 'Bone-Derived Transforming Growth Factor', 'Factor, Milk Growth', 'Growth Factor, Milk', 'Milk Growth Factor', 'Platelet Transforming Growth Factor', 'TGF beta', 'TGF β', 'TGF-b', 'TGF-beta', 'TGF-beta family', 'TGF-β', 'TGFB', 'TGFB family', 'TGFbeta', 'TGFβ', 'Transforming Growth Factor beta', 'transforming growth factor beta', 'transforming growth factor β', 'transforming growth factor-beta', 'transforming growth factor-β'], 'definition': None, 'syn_in_text': 'TGF-beta', 'syn_in_stmt': 'TGFB'}}
ben.gyori@gmail.com	Sun, 11 Apr 2021 17:48:52 GMT		11829	32763558921130871		bioexp_paper_medscan	-7171683270012453994	entity_boundaries	Moreover, rAd-H19-CD147mirsh significantly inhibited the expression of CD147, decreased cell viability and invasive ability, and increased sensitivity to chemotherapeutic drugs only in the Loss of imprinting cell lines in vitro.	BSG decreases the amount of BSG.	[{'name': 'BSG', 'db_refs': {'HGNC': '1116', 'UP': 'P35613', 'TEXT': 'S100A9-EMMPRIN'}}, {'name': 'BSG', 'db_refs': {'HGNC': '1116', 'UP': 'P35613', 'TEXT': 'S100A9-EMMPRIN'}}]		{'HGNC:1116': {'name': 'BSG', 'synonyms': ['5F7', 'Antigen, CD147', 'Antigens, CD147', 'BSG', 'Basigin', 'Basigin Protein', 'CD antigen CD147', 'CD147', 'CD147 Antigen', 'CD147 Antigens', 'Collagenase stimulatory factor', 'EMMPRIN', 'EMPRIN', 'Emmprin', 'Emmprin Protein', 'Extracellular Matrix Metalloproteinase Inducer (EMMPRIN)', 'Extracellular matrix metalloproteinase inducer', 'HAb18G', 'Hepatoma-associated antigen', 'Leukocyte activation antigen M6', 'OK', 'OK blood group antigen', 'Ok blood group', 'TCSF', 'Tumor cell-derived collagenase stimulatory factor', 'basigin (Ok blood group)', 'extracellular matrix metalloproteinase inducer', 'S100A9-EMMPRIN'], 'definition': None, 'syn_in_text': 'CD147', 'syn_in_stmt': 'BSG'}}
ben.gyori@gmail.com	Wed, 07 Apr 2021 02:01:12 GMT		11709	34068238591264167		bioexp_paper_medscan	5456120058775672640	hypothesis	Thus, miR-33a might function as a tumor suppressor to downregulate β-catenin expression, affecting cell growth, apoptosis, the epithelial-to-mesenchymal transition, and gemcitabine resistance.	MIR33A decreases the amount of CTNNB1.	[{'name': 'MIR33A', 'db_refs': {'HGNC': '31634', 'TEXT': 'miR-33a'}}, {'name': 'CTNNB1', 'db_refs': {'UP': 'P35222', 'HGNC': '2514', 'TEXT': 'β-catenin'}}]		{'HGNC:31634': {'name': 'MIR33A', 'synonyms': ['MIR33A', 'MIRN33', 'MIRN33A', 'hsa-mir-33', 'hsa-mir-33a', 'microRNA 33a', 'miR-33a'], 'definition': None, 'syn_in_text': 'miR-33a', 'syn_in_stmt': 'MIR33A'}, 'HGNC:2514': {'name': 'CTNNB1', 'synonyms': ['Beta-catenin', 'CTNNB', 'CTNNB1', 'Catenin beta-1', 'armadillo', 'beta-catenin', 'catenin beta 1', 'β-catenin'], 'definition': None, 'syn_in_text': 'β-catenin', 'syn_in_stmt': 'CTNNB1'}}
bachmanjohn@gmail.com	Fri, 12 Jun 2020 00:37:34 GMT		5066	-7978581551214009		bioexp_paper_multi	-3880142383382190521	no_relation	CD95 and CD95L belong to the TNF-family and TNF-α receptor/ligand interaction may trigger pro- and anti-apoptotic signals xref , xref , xref , xref .	TNF binds TNF.	[{'name': 'TNF', 'db_refs': {'UP': 'P01375', 'HGNC': '11892', 'TEXT': 'TNF-α'}}, {'name': 'TNF', 'db_refs': {'UP': 'P01375', 'HGNC': '11892', 'TEXT': 'TNF'}}]		{'HGNC:11892': {'name': 'TNF', 'synonyms': ['Cachectin', 'Cachectin Tumor Necrosis Factor', 'Cachectin-Tumor Necrosis Factor', 'DIF', 'TNF', 'TNF Superfamily, Member 2', 'TNF superfamily, member 2', 'TNF-a', 'TNF-alpha', 'TNF-alpha; tumor necrosis factor', 'TNF-α', 'TNFA', 'TNFSF2', 'TNFalpha', 'TNFα', 'Tumor Necrosis Factor', 'Tumor Necrosis Factor Ligand Superfamily Member 2', 'Tumor Necrosis Factor alpha', 'Tumor Necrosis Factor-alpha', 'Tumor necrosis factor', 'Tumor necrosis factor ligand superfamily member 2', 'tumor necrosis factor'], 'definition': None, 'syn_in_text': 'TNF-α', 'syn_in_stmt': 'TNF'}}
bachmanjohn@gmail.com	Wed, 03 Jun 2020 22:03:31 GMT		4656	5121440926956882		bioexp_paper_multi	-1932751352774896694	negative_result	Contrasting with the potent upregulation of M-Ras expression, M-Ras was not activated by IL-9 at the level of guanosine triphosphate/guanosine diphosphate (GTP/GDP) binding.	IL9 activates MRAS.	[{'name': 'IL9', 'db_refs': {'TEXT': 'IL-9', 'UP': 'P15248', 'HGNC': '6029', 'NCIT': 'C50943'}}, {'name': 'MRAS', 'db_refs': {'TEXT': 'MRAS', 'NCIT': 'C52548', 'HGNC': '7227', 'UP': 'O14807'}}]		{'HGNC:6029': {'name': 'IL9', 'synonyms': ['Cytokine P40', 'HP40', 'IL-9', 'IL9', 'Interleukin 9', 'Interleukin-9', 'P40', 'P40 T Cell Growth Factor', 'P40 T-Cell Growth Factor', 'T Cell Growth Factor P40', 'T-Cell Growth Factor P40', 'T-cell growth factor P40', 'T-cell growth factor p40', 'homolog of mouse T cell and mast cell growth factor 40', 'interleukin 9', 'p40 T-cell and mast cell growth factor', 'p40 cytokine'], 'definition': None, 'syn_in_text': 'IL-9', 'syn_in_stmt': 'IL9'}, 'HGNC:7227': {'name': 'MRAS', 'synonyms': ['M-RAs', 'MRAS', 'R-RAS3', 'RRAS3', 'Ras-related protein M-Ras', 'Ras-related protein R-Ras3', 'muscle RAS oncogene homolog'], 'definition': None, 'syn_in_text': 'M-RAs', 'syn_in_stmt': 'MRAS'}}
ben.gyori@gmail.com	Tue, 11 Feb 2020 20:11:11 GMT		1925	-18534913046998656		bioexp_paper_reach	-4216829906056689378	act_vs_amt	Here, we provide evidence that both AR42J and primary cultured mouse pancreatic acinar cells are capable of conversion into insulin positive cells when treated with ITFs and EGF and TGFbeta.	EGF activates INS.	[{'name': 'EGF', 'db_refs': {'UP': 'P01133', 'HGNC': '3229', 'TEXT': 'EGF'}}, {'name': 'INS', 'db_refs': {'UP': 'P01308', 'HGNC': '6081', 'TEXT': 'insulin'}}]		{'HGNC:3229': {'name': 'EGF', 'synonyms': ['EGF', 'Epidermal Growth Factor', 'Epidermal Growth Factor-Urogastrone', 'Growth Factor, Epidermal', 'Growth Factor-Urogastrone, Epidermal', 'Human Urinary Gastric Inhibitor', 'Pro-epidermal growth factor', 'Urogastrone', 'beta Urogastrone', 'beta-Urogastrone', 'epidermal growth factor'], 'definition': None, 'syn_in_text': 'EGF', 'syn_in_stmt': 'EGF'}, 'HGNC:6081': {'name': 'INS', 'synonyms': ['IDDM1', 'IDDM2', 'INS', 'Insulin', 'Insulin, Regular', 'Insulin, Soluble', 'PI', 'Regular Insulin', 'Soluble Insulin', 'insulin'], 'definition': None, 'syn_in_text': 'Insulin', 'syn_in_stmt': 'INS'}}
bachmanjohn@gmail.com	Fri, 10 Jan 2020 19:52:24 GMT		1411	35260074226125394		bioexp_paper_reach	5377370464997653682	polarity	Our results were in agreement with the previous studies.Furthermore, we demonstrated that down-regulation of ILK also could inhibit phosphorylation of Akt and GSK3beta in tongue cancer cells and.	ILK leads to the dephosphorylation of GSK3B.	[{'name': 'ILK', 'db_refs': {'UP': 'Q13418', 'HGNC': '6040', 'TEXT': 'ILK'}}, {'name': 'GSK3B', 'db_refs': {'UP': 'P49841', 'HGNC': '4617', 'TEXT': 'GSk-3beta'}}]		{'HGNC:6040': {'name': 'ILK', 'synonyms': ['59 kDa serine/threonine-protein kinase', 'Beta-integrin-linked kinase', 'ILK', 'ILK-1', 'ILK-2', 'ILK1', 'ILK2', 'Integrin-linked protein kinase', 'integrin linked kinase', 'p59ILK'], 'definition': None, 'syn_in_text': 'ILK', 'syn_in_stmt': 'ILK'}, 'HGNC:4617': {'name': 'GSK3B', 'synonyms': ['GSK 3beta', 'GSK-3 beta', 'GSK-3beta', 'GSK-3β', 'GSK3B', 'GSK3B Protein', 'GSK3beta', 'GSK3β', 'Glycogen Synthase Kinase 3 beta', 'Glycogen synthase kinase-3 beta', 'Serine/threonine-protein kinase GSK3B', 'glycogen synthase kinase 3 beta', 'GSk-3beta'], 'definition': None, 'syn_in_text': 'GSK3beta', 'syn_in_stmt': 'GSK3B'}}
bachmanjohn@gmail.com	Wed, 24 Feb 2021 18:35:33 GMT		11267	-28200854300690357		bioexp_biogrid	-1894512899309697017	wrong_relation	Possible interactions between TPH1 and TPH2 should also be considered as modulating mechanisms in the pathogenesis of suicidal behavior and disorders related to disturbances of the serotonin system.	TDO2 binds TPH1.	[{'name': 'TDO2', 'db_refs': {'UP': 'P48775', 'TEXT': 'TPH2', 'HGNC': '11708'}}, {'name': 'TPH1', 'db_refs': {'UP': 'P17752', 'TEXT': 'TPH1', 'HGNC': '12008'}}]		{'HGNC:11708': {'name': 'TDO2', 'synonyms': ['TDO', 'TDO2', 'TO', 'TPH2', 'TRPO', 'Tryptamin 2,3-dioxygenase', 'Tryptophan 2,3-dioxygenase', 'Tryptophan oxygenase', 'Tryptophan pyrrolase', 'Tryptophanase', 'tryptophan 2,3-dioxygenase'], 'definition': None, 'syn_in_text': 'TO', 'syn_in_stmt': 'TDO2'}, 'HGNC:12008': {'name': 'TPH1', 'synonyms': ['TPH', 'TPH1', 'TPRH', 'TRPH', 'Tryptophan 5-hydroxylase 1', 'Tryptophan 5-monooxygenase 1', 'tryptophan 5-monooxygenase', 'tryptophan hydroxylase 1'], 'definition': None, 'syn_in_text': 'TPH1', 'syn_in_stmt': 'TPH1'}}
ben.gyori@gmail.com	Fri, 07 Feb 2020 16:23:35 GMT		1615	819714929569949		bioexp_paper_reach	-7260817189800333700	hypothesis	To determine if wild-type CDK6 bound to EYA2, GST binding studies were performed.	CDK6 binds EYA2.	[{'name': 'CDK6', 'db_refs': {'UP': 'Q00534', 'HGNC': '1777', 'TEXT': 'CDK6'}}, {'name': 'EYA2', 'db_refs': {'UP': 'O00167', 'HGNC': '3520', 'TEXT': 'EYA2'}}]		{'HGNC:1777': {'name': 'CDK6', 'synonyms': ['CDK6', 'CDK6 Protein', 'CDKN6', 'Cdk6 Protein Kinase', 'Cell Division Protein Kinase 6', 'Cell division protein kinase 6', 'Cyclin Dependent Kinase 6', 'Cyclin-Dependent Kinase 6', 'Cyclin-dependent kinase 6', 'PLSTIRE', 'PLSTIRE Protein', 'Protein Kinase, Cdk6', 'Serine/threonine-protein kinase PLSTIRE', 'cyclin dependent kinase 6'], 'definition': None, 'syn_in_text': 'CDK6', 'syn_in_stmt': 'CDK6'}, 'HGNC:3520': {'name': 'EYA2', 'synonyms': ['EAB1', 'EYA transcriptional coactivator and phosphatase 2', 'EYA2', 'Eyes absent homolog 2'], 'definition': None, 'syn_in_text': 'EYA2', 'syn_in_stmt': 'EYA2'}}
ben.gyori@gmail.com	Tue, 25 Feb 2020 19:18:50 GMT		2005	35762835489451693		bioexp_paper_reach	-9056676634758673352	negative_result	In contrast, an association between HDAC2, YY1, and SAP30 was not detected.	SAP30 binds YY1.	[{'name': 'SAP30', 'db_refs': {'UP': 'O75446', 'HGNC': '10532', 'TEXT': 'SAP30'}}, {'name': 'YY1', 'db_refs': {'UP': 'P25490', 'HGNC': '12856', 'TEXT': 'YY1'}}]		{'HGNC:10532': {'name': 'SAP30', 'synonyms': ['30 kDa Sin3-associated polypeptide', 'Histone deacetylase complex subunit SAP30', 'SAP30', 'Sin3 corepressor complex subunit SAP30', 'Sin3-associated polypeptide p30', 'Sin3A associated protein 30'], 'definition': None, 'syn_in_text': 'SAP30', 'syn_in_stmt': 'SAP30'}, 'HGNC:12856': {'name': 'YY1', 'synonyms': ['DELTA', 'Delta transcription factor', 'INO80 complex subunit S', 'INO80S', 'NF-E1', 'Transcriptional repressor protein YY1', 'UCRBP', 'YIN-YANG-1', 'YY-1', 'YY1', 'YY1 transcription factor', 'Yin and Yang 1 protein', 'Yin and yang 1'], 'definition': None, 'syn_in_text': 'YY1', 'syn_in_stmt': 'YY1'}}
bachmanjohn@gmail.com	Thu, 11 Jun 2020 00:49:34 GMT		4796	35042380691384218		bioexp_paper_sparser	-7345890042958574689	wrong_relation	This analysis revealed that the coexpression of KGFR and KGF was associated with poor prognosis.	FGF7 binds FGFR2.	[{'name': 'FGF7', 'db_refs': {'HGNC': '3685', 'UP': 'P21781', 'TEXT': 'Both Fgf7 and Fgf10'}}, {'name': 'FGFR2', 'db_refs': {'HGNC': '3689', 'UP': 'P21802', 'TEXT': 'Fgfr2'}}]		{'HGNC:3685': {'name': 'FGF7', 'synonyms': ['FGF-7', 'FGF7', 'Fibroblast Growth Factor 7', 'Fibroblast growth factor 7', 'HBGF-7', 'Heparin-binding growth factor 7', 'KGF', 'Keratinocyte Growth Factor', 'Keratinocyte growth factor', 'fibroblast growth factor 7', 'keratinocyte growth factor', 'Both Fgf7 and Fgf10'], 'definition': None, 'syn_in_text': 'KGF', 'syn_in_stmt': 'FGF7'}, 'HGNC:3689': {'name': 'FGFR2', 'synonyms': ['BEK', 'CD antigen CD332', 'CD332', 'CEK3', 'CFD1', 'Crouzon syndrome', 'ECT1', 'FGFR-2', 'FGFR2', 'Fibroblast growth factor receptor 2', 'JWS', 'K-SAM', 'K-sam', 'KGFR', 'KSAM', 'Keratinocyte growth factor receptor', 'Pfeiffer syndrome', 'TK14', 'TK25', 'fibroblast growth factor receptor 2', 'Fgfr2'], 'definition': None, 'syn_in_text': 'KGFR', 'syn_in_stmt': 'FGFR2'}}
